Jack,40528
Piper,18444
Mia,92494
Ulysses,97749
Darrick,93247
Aurelio,71147
Brenda,36737
Erma,69716
Amanda,87711
Edmund,99278
Martha,24699
Gladys,59839
Jarred,5620
Lottie,67914
Joanna,49313
Milan,17201
Ali,66612
Arlie,80547
Travis,68555
Hai,46953
Effie,58541
Bridget,45863
Bruce,95797
Andres,32124
Matthew,54442
Marcelo,12263
Leta,98995
Alta,67726
Orlando,60138
Kent,27789
Mildred,28920
Isabelle,49082
Alden,9683
Ana,67106
Lazaro,75306
Helga,44812
Alfonzo,34050
Odis,39536
Dominick,22605
Tad,42287
Lenard,55136
Theresa,1524
Miriam,37222
Janna,96741
Vance,47556
Cyrus,66496
Amparo,80781
Valeria,3253
Arlene,25924
Donald,23580
Beatrice,91549
Gregg,18186
Felix,59934
